name,subject_id,date,ordersSum,orders
Брюки,11,2025-08-31T00:00:00+00:00,867973292,483575
Брюки,11,2025-09-01T00:00:00+00:00,782880638,448158
Брюки,11,2025-09-02T00:00:00+00:00,829780643,488866
Брюки,11,2025-09-03T00:00:00+00:00,783701759,481616
Брюки,11,2025-09-04T00:00:00+00:00,765036131,471837
Брюки,11,2025-09-05T00:00:00+00:00,693156827,407731
Брюки,11,2025-09-06T00:00:00+00:00,686755664,408929
Брюки,11,2025-09-07T00:00:00+00:00,758810470,460731
Брюки,11,2025-09-08T00:00:00+00:00,790084712,500075
Брюки,11,2025-09-09T00:00:00+00:00,844139607,360643
Брюки,11,2025-09-10T00:00:00+00:00,779743554,473968
Брюки,11,2025-09-11T00:00:00+00:00,760848841,464215
Брюки,11,2025-09-12T00:00:00+00:00,688012955,399802
Брюки,11,2025-09-13T00:00:00+00:00,713751547,442220
Брюки,11,2025-09-14T00:00:00+00:00,724376324,465059
Брюки,11,2025-09-15T00:00:00+00:00,732678051,496654
Брюки,11,2025-09-16T00:00:00+00:00,706146577,458010
Брюки,11,2025-09-17T00:00:00+00:00,611419681,358987
Брюки,11,2025-09-18T00:00:00+00:00,581349842,314295
Брюки,11,2025-09-19T00:00:00+00:00,551271303,300370
Брюки,11,2025-09-20T00:00:00+00:00,602464286,344558
Брюки,11,2025-09-21T00:00:00+00:00,683271502,394494
Брюки,11,2025-09-22T00:00:00+00:00,581858174,318088
Брюки,11,2025-09-23T00:00:00+00:00,594007832,321215
Брюки,11,2025-09-24T00:00:00+00:00,672518899,367905
Брюки,11,2025-09-25T00:00:00+00:00,733097654,414574
Брюки,11,2025-09-26T00:00:00+00:00,681266160,393156
Брюки,11,2025-09-27T00:00:00+00:00,699288139,416451
Брюки,11,2025-09-28T00:00:00+00:00,828899677,476651
Брюки,11,2025-09-29T00:00:00+00:00,820792189,474991
Блузки,41,2025-08-31T00:00:00+00:00,225060156,175082
Блузки,41,2025-09-01T00:00:00+00:00,204434467,169351
Блузки,41,2025-09-02T00:00:00+00:00,209287750,178421
Блузки,41,2025-09-03T00:00:00+00:00,199206456,192463
Блузки,41,2025-09-04T00:00:00+00:00,192533391,176188
Блузки,41,2025-09-05T00:00:00+00:00,157122471,122470
Блузки,41,2025-09-06T00:00:00+00:00,166932091,134053
Блузки,41,2025-09-07T00:00:00+00:00,183175505,152731
Блузки,41,2025-09-08T00:00:00+00:00,183712267,147210
Блузки,41,2025-09-09T00:00:00+00:00,213504530,122686
Блузки,41,2025-09-10T00:00:00+00:00,197799277,189384
Блузки,41,2025-09-11T00:00:00+00:00,191187565,173280
Блузки,41,2025-09-12T00:00:00+00:00,155768260,119586
Блузки,41,2025-09-13T00:00:00+00:00,127471565,89424
Блузки,41,2025-09-14T00:00:00+00:00,140107523,98624
Блузки,41,2025-09-15T00:00:00+00:00,147940347,120392
Блузки,41,2025-09-16T00:00:00+00:00,149433695,114942
Блузки,41,2025-09-17T00:00:00+00:00,137446233,103041
Блузки,41,2025-09-18T00:00:00+00:00,146245749,111012
Блузки,41,2025-09-19T00:00:00+00:00,124686842,91482
Блузки,41,2025-09-20T00:00:00+00:00,144162161,111053
Блузки,41,2025-09-21T00:00:00+00:00,160487849,126174
Блузки,41,2025-09-22T00:00:00+00:00,135828882,100255
Блузки,41,2025-09-23T00:00:00+00:00,132314351,96620
Блузки,41,2025-09-24T00:00:00+00:00,141020591,107105
Блузки,41,2025-09-25T00:00:00+00:00,141124607,112721
Блузки,41,2025-09-26T00:00:00+00:00,139914516,113087
Блузки,41,2025-09-27T00:00:00+00:00,145610471,119508
Блузки,41,2025-09-28T00:00:00+00:00,155924846,122617
Блузки,41,2025-09-29T00:00:00+00:00,146056748,117857
Сумки,50,2025-08-31T00:00:00+00:00,315839419,199283
Сумки,50,2025-09-01T00:00:00+00:00,279696588,185767
Сумки,50,2025-09-02T00:00:00+00:00,274732073,186422
Сумки,50,2025-09-03T00:00:00+00:00,248606604,176649
Сумки,50,2025-09-04T00:00:00+00:00,258050133,187088
Сумки,50,2025-09-05T00:00:00+00:00,247726957,165276
Сумки,50,2025-09-06T00:00:00+00:00,254222478,177323
Сумки,50,2025-09-07T00:00:00+00:00,242730820,169094
Сумки,50,2025-09-08T00:00:00+00:00,304774396,223954
Сумки,50,2025-09-09T00:00:00+00:00,579821606,205709
Сумки,50,2025-09-10T00:00:00+00:00,236865787,166321
Сумки,50,2025-09-11T00:00:00+00:00,245997110,176310
Сумки,50,2025-09-12T00:00:00+00:00,234177194,154666
Сумки,50,2025-09-13T00:00:00+00:00,232712510,169788
Сумки,50,2025-09-14T00:00:00+00:00,243363258,182989
Сумки,50,2025-09-15T00:00:00+00:00,242401349,189272
Сумки,50,2025-09-16T00:00:00+00:00,225841772,174308
Сумки,50,2025-09-17T00:00:00+00:00,185079747,132059
Сумки,50,2025-09-18T00:00:00+00:00,160790889,104027
Сумки,50,2025-09-19T00:00:00+00:00,149721091,96184
Сумки,50,2025-09-20T00:00:00+00:00,169590563,112055
Сумки,50,2025-09-21T00:00:00+00:00,203318347,131831
Сумки,50,2025-09-22T00:00:00+00:00,159917202,101226
Сумки,50,2025-09-23T00:00:00+00:00,159169736,99687
Сумки,50,2025-09-24T00:00:00+00:00,168669896,108405
Сумки,50,2025-09-25T00:00:00+00:00,186997702,123864
Сумки,50,2025-09-26T00:00:00+00:00,182554592,121653
Сумки,50,2025-09-27T00:00:00+00:00,182262596,127042
Сумки,50,2025-09-28T00:00:00+00:00,202745266,137663
Сумки,50,2025-09-29T00:00:00+00:00,186287208,130220
Платья,69,2025-08-31T00:00:00+00:00,1026567110,580161
Платья,69,2025-09-01T00:00:00+00:00,924341859,550438
Платья,69,2025-09-02T00:00:00+00:00,911925997,567637
Платья,69,2025-09-03T00:00:00+00:00,893478616,651682
Платья,69,2025-09-04T00:00:00+00:00,915426101,633931
Платья,69,2025-09-05T00:00:00+00:00,663925570,335347
Платья,69,2025-09-06T00:00:00+00:00,697596698,344335
Платья,69,2025-09-07T00:00:00+00:00,733117389,337416
Платья,69,2025-09-08T00:00:00+00:00,925804248,452486
Платья,69,2025-09-09T00:00:00+00:00,1174564056,485859
Платья,69,2025-09-10T00:00:00+00:00,873954134,635559
Платья,69,2025-09-11T00:00:00+00:00,907296043,620205
Платья,69,2025-09-12T00:00:00+00:00,656732828,323105
Платья,69,2025-09-13T00:00:00+00:00,619367465,272104
Платья,69,2025-09-14T00:00:00+00:00,685694882,305439
Платья,69,2025-09-15T00:00:00+00:00,759148273,394514
Платья,69,2025-09-16T00:00:00+00:00,742517074,363146
Платья,69,2025-09-17T00:00:00+00:00,711390068,351747
Платья,69,2025-09-18T00:00:00+00:00,792453799,403393
Платья,69,2025-09-19T00:00:00+00:00,622501779,294114
Платья,69,2025-09-20T00:00:00+00:00,700194576,349416
Платья,69,2025-09-21T00:00:00+00:00,805623978,421237
Платья,69,2025-09-22T00:00:00+00:00,731487661,346807
Платья,69,2025-09-23T00:00:00+00:00,720655466,342970
Платья,69,2025-09-24T00:00:00+00:00,734186858,368383
Платья,69,2025-09-25T00:00:00+00:00,760140247,404868
Платья,69,2025-09-26T00:00:00+00:00,722334591,394904
Платья,69,2025-09-27T00:00:00+00:00,741524539,402629
Платья,69,2025-09-28T00:00:00+00:00,808875807,413418
Платья,69,2025-09-29T00:00:00+00:00,800721584,423388
Сапоги,99,2025-08-31T00:00:00+00:00,139138373,29450
Сапоги,99,2025-09-01T00:00:00+00:00,124339500,26016
Сапоги,99,2025-09-02T00:00:00+00:00,117615958,23762
Сапоги,99,2025-09-03T00:00:00+00:00,145284808,30812
Сапоги,99,2025-09-04T00:00:00+00:00,148124481,31309
Сапоги,99,2025-09-05T00:00:00+00:00,155507222,34259
Сапоги,99,2025-09-06T00:00:00+00:00,152780259,34137
Сапоги,99,2025-09-07T00:00:00+00:00,163960713,37615
Сапоги,99,2025-09-08T00:00:00+00:00,166572509,41617
Сапоги,99,2025-09-09T00:00:00+00:00,462663171,81568
Сапоги,99,2025-09-10T00:00:00+00:00,143717142,30083
Сапоги,99,2025-09-11T00:00:00+00:00,146553839,30421
Сапоги,99,2025-09-12T00:00:00+00:00,152990065,33166
Сапоги,99,2025-09-13T00:00:00+00:00,180176831,43499
Сапоги,99,2025-09-14T00:00:00+00:00,194800027,46666
Сапоги,99,2025-09-15T00:00:00+00:00,196451604,48274
Сапоги,99,2025-09-16T00:00:00+00:00,199021134,47524
Сапоги,99,2025-09-17T00:00:00+00:00,190686747,41222
Сапоги,99,2025-09-18T00:00:00+00:00,176561188,36158
Сапоги,99,2025-09-19T00:00:00+00:00,183591228,38512
Сапоги,99,2025-09-20T00:00:00+00:00,207380333,45298
Сапоги,99,2025-09-21T00:00:00+00:00,245243567,55914
Сапоги,99,2025-09-22T00:00:00+00:00,221288368,49625
Сапоги,99,2025-09-23T00:00:00+00:00,218267236,46965
Сапоги,99,2025-09-24T00:00:00+00:00,244422417,53830
Сапоги,99,2025-09-25T00:00:00+00:00,262245139,57462
Сапоги,99,2025-09-26T00:00:00+00:00,251822502,55552
Сапоги,99,2025-09-27T00:00:00+00:00,271501690,59838
Сапоги,99,2025-09-28T00:00:00+00:00,334797155,74150
Сапоги,99,2025-09-29T00:00:00+00:00,328083557,73791
Настольные игры для детей,120,2025-08-31T00:00:00+00:00,18300787,28332
Настольные игры для детей,120,2025-09-01T00:00:00+00:00,19022068,30571
Настольные игры для детей,120,2025-09-02T00:00:00+00:00,20601616,37905
Настольные игры для детей,120,2025-09-03T00:00:00+00:00,21510759,40194
Настольные игры для детей,120,2025-09-04T00:00:00+00:00,19245039,36819
Настольные игры для детей,120,2025-09-05T00:00:00+00:00,16440992,31427
Настольные игры для детей,120,2025-09-06T00:00:00+00:00,15247680,27935
Настольные игры для детей,120,2025-09-07T00:00:00+00:00,15250746,27884
Настольные игры для детей,120,2025-09-08T00:00:00+00:00,30381841,53436
Настольные игры для детей,120,2025-09-09T00:00:00+00:00,27056094,34911
Настольные игры для детей,120,2025-09-10T00:00:00+00:00,20933603,38645
Настольные игры для детей,120,2025-09-11T00:00:00+00:00,18693791,35373
Настольные игры для детей,120,2025-09-12T00:00:00+00:00,16109421,30364
Настольные игры для детей,120,2025-09-13T00:00:00+00:00,11373222,19915
Настольные игры для детей,120,2025-09-14T00:00:00+00:00,12630459,21433
Настольные игры для детей,120,2025-09-15T00:00:00+00:00,15268880,26076
Настольные игры для детей,120,2025-09-16T00:00:00+00:00,14245751,24713
Настольные игры для детей,120,2025-09-17T00:00:00+00:00,14890228,24426
Настольные игры для детей,120,2025-09-18T00:00:00+00:00,11931386,18514
Настольные игры для детей,120,2025-09-19T00:00:00+00:00,8949994,16186
Настольные игры для детей,120,2025-09-20T00:00:00+00:00,9089465,15251
Настольные игры для детей,120,2025-09-21T00:00:00+00:00,9175942,13432
Настольные игры для детей,120,2025-09-22T00:00:00+00:00,8450041,12750
Настольные игры для детей,120,2025-09-23T00:00:00+00:00,9532526,13367
Настольные игры для детей,120,2025-09-24T00:00:00+00:00,9263887,12890
Настольные игры для детей,120,2025-09-25T00:00:00+00:00,10339507,17065
Настольные игры для детей,120,2025-09-26T00:00:00+00:00,9422165,15726
Настольные игры для детей,120,2025-09-27T00:00:00+00:00,8843358,14917
Настольные игры для детей,120,2025-09-28T00:00:00+00:00,10821756,18642
Настольные игры для детей,120,2025-09-29T00:00:00+00:00,12613618,22368
Трусы,133,2025-08-31T00:00:00+00:00,263226348,419704
Трусы,133,2025-09-01T00:00:00+00:00,213873779,356350
Трусы,133,2025-09-02T00:00:00+00:00,221938660,380631
Трусы,133,2025-09-03T00:00:00+00:00,217929454,393057
Трусы,133,2025-09-04T00:00:00+00:00,204452659,367474
Трусы,133,2025-09-05T00:00:00+00:00,153187978,233696
Трусы,133,2025-09-06T00:00:00+00:00,161497955,250805
Трусы,133,2025-09-07T00:00:00+00:00,166536487,250956
Трусы,133,2025-09-08T00:00:00+00:00,274294133,389127
Трусы,133,2025-09-09T00:00:00+00:00,112706295,155804
Трусы,133,2025-09-10T00:00:00+00:00,216635713,388366
Трусы,133,2025-09-11T00:00:00+00:00,203524665,363580
Трусы,133,2025-09-12T00:00:00+00:00,152342060,230937
Трусы,133,2025-09-13T00:00:00+00:00,136133405,189891
Трусы,133,2025-09-14T00:00:00+00:00,145866437,206528
Трусы,133,2025-09-15T00:00:00+00:00,145445919,213633
Трусы,133,2025-09-16T00:00:00+00:00,139707648,198997
Трусы,133,2025-09-17T00:00:00+00:00,132472372,186573
Трусы,133,2025-09-18T00:00:00+00:00,104482531,152988
Трусы,133,2025-09-19T00:00:00+00:00,95280341,137517
Трусы,133,2025-09-20T00:00:00+00:00,106526800,162909
Трусы,133,2025-09-21T00:00:00+00:00,119237457,181857
Трусы,133,2025-09-22T00:00:00+00:00,96695208,136549
Трусы,133,2025-09-23T00:00:00+00:00,96330371,131362
Трусы,133,2025-09-24T00:00:00+00:00,101460315,148185
Трусы,133,2025-09-25T00:00:00+00:00,114173042,184336
Трусы,133,2025-09-26T00:00:00+00:00,107483637,177916
Трусы,133,2025-09-27T00:00:00+00:00,113150227,198208
Трусы,133,2025-09-28T00:00:00+00:00,125890082,210597
Трусы,133,2025-09-29T00:00:00+00:00,107176217,180761
Жилеты,156,2025-08-31T00:00:00+00:00,209081303,91852
Жилеты,156,2025-09-01T00:00:00+00:00,198546712,90658
Жилеты,156,2025-09-02T00:00:00+00:00,212196072,94162
Жилеты,156,2025-09-03T00:00:00+00:00,204644632,90796
Жилеты,156,2025-09-04T00:00:00+00:00,202986911,92136
Жилеты,156,2025-09-05T00:00:00+00:00,185512316,81342
Жилеты,156,2025-09-06T00:00:00+00:00,180815071,83032
Жилеты,156,2025-09-07T00:00:00+00:00,192132065,89919
Жилеты,156,2025-09-08T00:00:00+00:00,174158691,83463
Жилеты,156,2025-09-09T00:00:00+00:00,159715086,61233
Жилеты,156,2025-09-10T00:00:00+00:00,202494524,88647
Жилеты,156,2025-09-11T00:00:00+00:00,199903882,89385
Жилеты,156,2025-09-12T00:00:00+00:00,182472512,78619
Жилеты,156,2025-09-13T00:00:00+00:00,204071314,97773
Жилеты,156,2025-09-14T00:00:00+00:00,206349141,98883
Жилеты,156,2025-09-15T00:00:00+00:00,202979384,101989
Жилеты,156,2025-09-16T00:00:00+00:00,199483856,99111
Жилеты,156,2025-09-17T00:00:00+00:00,164995511,74258
Жилеты,156,2025-09-18T00:00:00+00:00,170247616,75244
Жилеты,156,2025-09-19T00:00:00+00:00,155691292,67047
Жилеты,156,2025-09-20T00:00:00+00:00,164248322,74813
Жилеты,156,2025-09-21T00:00:00+00:00,178603682,82517
Жилеты,156,2025-09-22T00:00:00+00:00,154174344,68073
Жилеты,156,2025-09-23T00:00:00+00:00,152335670,65967
Жилеты,156,2025-09-24T00:00:00+00:00,166429090,73753
Жилеты,156,2025-09-25T00:00:00+00:00,182796121,84609
Жилеты,156,2025-09-26T00:00:00+00:00,177131172,84101
Жилеты,156,2025-09-27T00:00:00+00:00,178157578,87318
Жилеты,156,2025-09-28T00:00:00+00:00,193758537,93780
Жилеты,156,2025-09-29T00:00:00+00:00,176838373,86532
Свитшоты,159,2025-08-31T00:00:00+00:00,122418767,70506
Свитшоты,159,2025-09-01T00:00:00+00:00,106716326,62243
Свитшоты,159,2025-09-02T00:00:00+00:00,113475456,65142
Свитшоты,159,2025-09-03T00:00:00+00:00,118117439,71742
Свитшоты,159,2025-09-04T00:00:00+00:00,126830641,76154
Свитшоты,159,2025-09-05T00:00:00+00:00,120818850,73119
Свитшоты,159,2025-09-06T00:00:00+00:00,118090352,73277
Свитшоты,159,2025-09-07T00:00:00+00:00,125902329,79423
Свитшоты,159,2025-09-08T00:00:00+00:00,127199538,83160
Свитшоты,159,2025-09-09T00:00:00+00:00,164059075,81503
Свитшоты,159,2025-09-10T00:00:00+00:00,116415051,69724
Свитшоты,159,2025-09-11T00:00:00+00:00,124723802,73729
Свитшоты,159,2025-09-12T00:00:00+00:00,117890734,70269
Свитшоты,159,2025-09-13T00:00:00+00:00,133943748,90799
Свитшоты,159,2025-09-14T00:00:00+00:00,141094591,95694
Свитшоты,159,2025-09-15T00:00:00+00:00,142192296,101917
Свитшоты,159,2025-09-16T00:00:00+00:00,136997988,96147
Свитшоты,159,2025-09-17T00:00:00+00:00,116314737,74474
Свитшоты,159,2025-09-18T00:00:00+00:00,131079235,88052
Свитшоты,159,2025-09-19T00:00:00+00:00,115873991,73811
Свитшоты,159,2025-09-20T00:00:00+00:00,112904547,71000
Свитшоты,159,2025-09-21T00:00:00+00:00,124847469,78641
Свитшоты,159,2025-09-22T00:00:00+00:00,107159583,66044
Свитшоты,159,2025-09-23T00:00:00+00:00,112052466,67449
Свитшоты,159,2025-09-24T00:00:00+00:00,126271976,77467
Свитшоты,159,2025-09-25T00:00:00+00:00,135818346,85832
Свитшоты,159,2025-09-26T00:00:00+00:00,127508665,83013
Свитшоты,159,2025-09-27T00:00:00+00:00,130739621,85833
Свитшоты,159,2025-09-28T00:00:00+00:00,147718404,95491
Свитшоты,159,2025-09-29T00:00:00+00:00,145851575,97175
Термокомплекты,166,2025-08-31T00:00:00+00:00,15354804,9576
Термокомплекты,166,2025-09-01T00:00:00+00:00,14934008,9962
Термокомплекты,166,2025-09-02T00:00:00+00:00,17642901,11408
Термокомплекты,166,2025-09-03T00:00:00+00:00,19257194,13176
Термокомплекты,166,2025-09-04T00:00:00+00:00,19404556,13434
Термокомплекты,166,2025-09-05T00:00:00+00:00,15873270,10595
Термокомплекты,166,2025-09-06T00:00:00+00:00,15625360,10536
Термокомплекты,166,2025-09-07T00:00:00+00:00,15713389,10443
Термокомплекты,166,2025-09-08T00:00:00+00:00,41529909,26490
Термокомплекты,166,2025-09-09T00:00:00+00:00,38922430,18860
Термокомплекты,166,2025-09-10T00:00:00+00:00,19144392,12877
Термокомплекты,166,2025-09-11T00:00:00+00:00,19159631,13124
Термокомплекты,166,2025-09-12T00:00:00+00:00,15790610,10343
Термокомплекты,166,2025-09-13T00:00:00+00:00,21598802,13398
Термокомплекты,166,2025-09-14T00:00:00+00:00,24855239,15042
Термокомплекты,166,2025-09-15T00:00:00+00:00,24767653,15477
Термокомплекты,166,2025-09-16T00:00:00+00:00,23519394,14476
Термокомплекты,166,2025-09-17T00:00:00+00:00,27137605,16352
Термокомплекты,166,2025-09-18T00:00:00+00:00,19890031,11378
Термокомплекты,166,2025-09-19T00:00:00+00:00,19390806,11834
Термокомплекты,166,2025-09-20T00:00:00+00:00,21152948,13870
Термокомплекты,166,2025-09-21T00:00:00+00:00,22098596,14575
Термокомплекты,166,2025-09-22T00:00:00+00:00,21375162,12830
Термокомплекты,166,2025-09-23T00:00:00+00:00,22513365,13031
Термокомплекты,166,2025-09-24T00:00:00+00:00,32287397,19697
Термокомплекты,166,2025-09-25T00:00:00+00:00,42815856,27250
Термокомплекты,166,2025-09-26T00:00:00+00:00,41113079,25865
Термокомплекты,166,2025-09-27T00:00:00+00:00,39718899,25249
Термокомплекты,166,2025-09-28T00:00:00+00:00,56787030,36388
Термокомплекты,166,2025-09-29T00:00:00+00:00,73311809,47660
Пуховики,174,2025-08-31T00:00:00+00:00,86591810,9465
Пуховики,174,2025-09-01T00:00:00+00:00,86128735,9267
Пуховики,174,2025-09-02T00:00:00+00:00,72101268,8017
Пуховики,174,2025-09-03T00:00:00+00:00,76326250,8984
Пуховики,174,2025-09-04T00:00:00+00:00,75573667,8817
Пуховики,174,2025-09-05T00:00:00+00:00,82621863,8818
Пуховики,174,2025-09-06T00:00:00+00:00,85364252,9422
Пуховики,174,2025-09-07T00:00:00+00:00,92888525,10278
Пуховики,174,2025-09-08T00:00:00+00:00,79118510,9717
Пуховики,174,2025-09-09T00:00:00+00:00,530658598,39696
Пуховики,174,2025-09-10T00:00:00+00:00,74461111,8300
Пуховики,174,2025-09-11T00:00:00+00:00,73695610,8119
Пуховики,174,2025-09-12T00:00:00+00:00,80317437,8117
Пуховики,174,2025-09-13T00:00:00+00:00,80750739,8469
Пуховики,174,2025-09-14T00:00:00+00:00,92806262,9765
Пуховики,174,2025-09-15T00:00:00+00:00,100229210,11305
Пуховики,174,2025-09-16T00:00:00+00:00,109373440,10798
Пуховики,174,2025-09-17T00:00:00+00:00,102696754,10603
Пуховики,174,2025-09-18T00:00:00+00:00,106300899,10808
Пуховики,174,2025-09-19T00:00:00+00:00,118532793,12305
Пуховики,174,2025-09-20T00:00:00+00:00,134262875,14567
Пуховики,174,2025-09-21T00:00:00+00:00,162508619,17730
Пуховики,174,2025-09-22T00:00:00+00:00,143854005,15310
Пуховики,174,2025-09-23T00:00:00+00:00,115703348,12910
Пуховики,174,2025-09-24T00:00:00+00:00,148455238,17125
Пуховики,174,2025-09-25T00:00:00+00:00,208973856,24146
Пуховики,174,2025-09-26T00:00:00+00:00,211632444,24200
Пуховики,174,2025-09-27T00:00:00+00:00,233676161,27236
Пуховики,174,2025-09-28T00:00:00+00:00,292312853,34190
Пуховики,174,2025-09-29T00:00:00+00:00,301228455,35767
Костюмы,177,2025-08-31T00:00:00+00:00,814412352,295736
Костюмы,177,2025-09-01T00:00:00+00:00,740964698,273492
Костюмы,177,2025-09-02T00:00:00+00:00,785284903,295359
Костюмы,177,2025-09-03T00:00:00+00:00,763264543,307500
Костюмы,177,2025-09-04T00:00:00+00:00,809838242,326823
Костюмы,177,2025-09-05T00:00:00+00:00,759997009,292622
Костюмы,177,2025-09-06T00:00:00+00:00,768781919,300991
Костюмы,177,2025-09-07T00:00:00+00:00,820160805,321317
Костюмы,177,2025-09-08T00:00:00+00:00,760562746,330441
Костюмы,177,2025-09-09T00:00:00+00:00,1034565859,364172
Костюмы,177,2025-09-10T00:00:00+00:00,748439210,294948
Костюмы,177,2025-09-11T00:00:00+00:00,794932608,314658
Костюмы,177,2025-09-12T00:00:00+00:00,742867761,279323
Костюмы,177,2025-09-13T00:00:00+00:00,714674698,277154
Костюмы,177,2025-09-14T00:00:00+00:00,768241705,306165
Костюмы,177,2025-09-15T00:00:00+00:00,857657982,410509
Костюмы,177,2025-09-16T00:00:00+00:00,798624958,345597
Костюмы,177,2025-09-17T00:00:00+00:00,655901123,245590
Костюмы,177,2025-09-18T00:00:00+00:00,790820958,324366
Костюмы,177,2025-09-19T00:00:00+00:00,655856669,238182
Костюмы,177,2025-09-20T00:00:00+00:00,636419687,232467
Костюмы,177,2025-09-21T00:00:00+00:00,757509783,290229
Костюмы,177,2025-09-22T00:00:00+00:00,673414715,248207
Костюмы,177,2025-09-23T00:00:00+00:00,665905840,242175
Костюмы,177,2025-09-24T00:00:00+00:00,714626642,266212
Костюмы,177,2025-09-25T00:00:00+00:00,735079346,276741
Костюмы,177,2025-09-26T00:00:00+00:00,726569315,281333
Костюмы,177,2025-09-27T00:00:00+00:00,738315722,288450
Костюмы,177,2025-09-28T00:00:00+00:00,809312538,298061
Костюмы,177,2025-09-29T00:00:00+00:00,825945871,311836
Джинсы,180,2025-08-31T00:00:00+00:00,837328026,337664
Джинсы,180,2025-09-01T00:00:00+00:00,728489656,299525
Джинсы,180,2025-09-02T00:00:00+00:00,763405952,314091
Джинсы,180,2025-09-03T00:00:00+00:00,748244310,311685
Джинсы,180,2025-09-04T00:00:00+00:00,766572766,322370
Джинсы,180,2025-09-05T00:00:00+00:00,734929854,308365
Джинсы,180,2025-09-06T00:00:00+00:00,744987939,323197
Джинсы,180,2025-09-07T00:00:00+00:00,827376683,369433
Джинсы,180,2025-09-08T00:00:00+00:00,833367316,358218
Джинсы,180,2025-09-09T00:00:00+00:00,598490981,213327
Джинсы,180,2025-09-10T00:00:00+00:00,744412762,306524
Джинсы,180,2025-09-11T00:00:00+00:00,762830254,316881
Джинсы,180,2025-09-12T00:00:00+00:00,729516251,301755
Джинсы,180,2025-09-13T00:00:00+00:00,782482482,358790
Джинсы,180,2025-09-14T00:00:00+00:00,835759223,382585
Джинсы,180,2025-09-15T00:00:00+00:00,803308982,378526
Джинсы,180,2025-09-16T00:00:00+00:00,796128172,373356
Джинсы,180,2025-09-17T00:00:00+00:00,644546049,258428
Джинсы,180,2025-09-18T00:00:00+00:00,682879054,279868
Джинсы,180,2025-09-19T00:00:00+00:00,646511527,264591
Джинсы,180,2025-09-20T00:00:00+00:00,710597331,300979
Джинсы,180,2025-09-21T00:00:00+00:00,793743362,338004
Джинсы,180,2025-09-22T00:00:00+00:00,699134445,295107
Джинсы,180,2025-09-23T00:00:00+00:00,699991919,291561
Джинсы,180,2025-09-24T00:00:00+00:00,733832444,308753
Джинсы,180,2025-09-25T00:00:00+00:00,795405087,346395
Джинсы,180,2025-09-26T00:00:00+00:00,750056987,334750
Джинсы,180,2025-09-27T00:00:00+00:00,759342540,346866
Джинсы,180,2025-09-28T00:00:00+00:00,886484942,394965
Джинсы,180,2025-09-29T00:00:00+00:00,810116467,361484
Постельное белье,197,2025-08-31T00:00:00+00:00,274035698,187328
Постельное белье,197,2025-09-01T00:00:00+00:00,218989695,146887
Постельное белье,197,2025-09-02T00:00:00+00:00,153826036,101651
Постельное белье,197,2025-09-03T00:00:00+00:00,182241662,145552
Постельное белье,197,2025-09-04T00:00:00+00:00,180952065,125252
Постельное белье,197,2025-09-05T00:00:00+00:00,134167604,83586
Постельное белье,197,2025-09-06T00:00:00+00:00,186141796,122191
Постельное белье,197,2025-09-07T00:00:00+00:00,201517995,134802
Постельное белье,197,2025-09-08T00:00:00+00:00,201427813,130302
Постельное белье,197,2025-09-09T00:00:00+00:00,187419584,69154
Постельное белье,197,2025-09-10T00:00:00+00:00,171765540,135679
Постельное белье,197,2025-09-11T00:00:00+00:00,169413274,116228
Постельное белье,197,2025-09-12T00:00:00+00:00,121759484,75148
Постельное белье,197,2025-09-13T00:00:00+00:00,279808809,206686
Постельное белье,197,2025-09-14T00:00:00+00:00,232200394,177071
Постельное белье,197,2025-09-15T00:00:00+00:00,239389273,184999
Постельное белье,197,2025-09-16T00:00:00+00:00,204783364,149529
Постельное белье,197,2025-09-17T00:00:00+00:00,137302534,96560
Постельное белье,197,2025-09-18T00:00:00+00:00,97263539,60318
Постельное белье,197,2025-09-19T00:00:00+00:00,110823857,72343
Постельное белье,197,2025-09-20T00:00:00+00:00,122157007,88143
Постельное белье,197,2025-09-21T00:00:00+00:00,128547191,90808
Постельное белье,197,2025-09-22T00:00:00+00:00,96495620,61998
Постельное белье,197,2025-09-23T00:00:00+00:00,94705721,58996
Постельное белье,197,2025-09-24T00:00:00+00:00,99806204,62104
Постельное белье,197,2025-09-25T00:00:00+00:00,106979311,68278
Постельное белье,197,2025-09-26T00:00:00+00:00,105352205,69340
Постельное белье,197,2025-09-27T00:00:00+00:00,111496917,74236
Постельное белье,197,2025-09-28T00:00:00+00:00,116761804,75229
Постельное белье,197,2025-09-29T00:00:00+00:00,116738204,75543
Бижутерия,200,2025-08-31T00:00:00+00:00,0,0
Бижутерия,200,2025-09-01T00:00:00+00:00,0,0
Бижутерия,200,2025-09-02T00:00:00+00:00,0,0
Бижутерия,200,2025-09-03T00:00:00+00:00,0,0
Бижутерия,200,2025-09-04T00:00:00+00:00,0,0
Бижутерия,200,2025-09-05T00:00:00+00:00,0,0
Бижутерия,200,2025-09-06T00:00:00+00:00,0,0
Бижутерия,200,2025-09-07T00:00:00+00:00,0,0
Бижутерия,200,2025-09-08T00:00:00+00:00,0,0
Бижутерия,200,2025-09-09T00:00:00+00:00,0,0
Бижутерия,200,2025-09-10T00:00:00+00:00,0,0
Бижутерия,200,2025-09-11T00:00:00+00:00,0,0
Бижутерия,200,2025-09-12T00:00:00+00:00,0,0
Бижутерия,200,2025-09-13T00:00:00+00:00,0,0
Бижутерия,200,2025-09-14T00:00:00+00:00,0,0
Бижутерия,200,2025-09-15T00:00:00+00:00,0,0
Бижутерия,200,2025-09-16T00:00:00+00:00,0,0
Бижутерия,200,2025-09-17T00:00:00+00:00,0,0
Бижутерия,200,2025-09-18T00:00:00+00:00,0,0
Бижутерия,200,2025-09-19T00:00:00+00:00,0,0
Бижутерия,200,2025-09-20T00:00:00+00:00,0,0
Бижутерия,200,2025-09-21T00:00:00+00:00,0,0
Бижутерия,200,2025-09-22T00:00:00+00:00,0,0
Бижутерия,200,2025-09-23T00:00:00+00:00,0,0
Бижутерия,200,2025-09-24T00:00:00+00:00,0,0
Бижутерия,200,2025-09-25T00:00:00+00:00,0,0
Бижутерия,200,2025-09-26T00:00:00+00:00,0,0
Бижутерия,200,2025-09-27T00:00:00+00:00,0,0
Бижутерия,200,2025-09-28T00:00:00+00:00,0,0
Бижутерия,200,2025-09-29T00:00:00+00:00,0,0
Колье,202,2025-08-31T00:00:00+00:00,8272784,14689
Колье,202,2025-09-01T00:00:00+00:00,7798069,14375
Колье,202,2025-09-02T00:00:00+00:00,7611121,14838
Колье,202,2025-09-03T00:00:00+00:00,7713680,14259
Колье,202,2025-09-04T00:00:00+00:00,7936615,15439
Колье,202,2025-09-05T00:00:00+00:00,7264235,13724
Колье,202,2025-09-06T00:00:00+00:00,7739113,15118
Колье,202,2025-09-07T00:00:00+00:00,8492584,16695
Колье,202,2025-09-08T00:00:00+00:00,14090050,29302
Колье,202,2025-09-09T00:00:00+00:00,37690275,40638
Колье,202,2025-09-10T00:00:00+00:00,7503667,13707
Колье,202,2025-09-11T00:00:00+00:00,7758424,14810
Колье,202,2025-09-12T00:00:00+00:00,7026087,13047
Колье,202,2025-09-13T00:00:00+00:00,7140422,14337
Колье,202,2025-09-14T00:00:00+00:00,7444335,15271
Колье,202,2025-09-15T00:00:00+00:00,7352532,15323
Колье,202,2025-09-16T00:00:00+00:00,7197884,14614
Колье,202,2025-09-17T00:00:00+00:00,6881573,13354
Колье,202,2025-09-18T00:00:00+00:00,6762120,13167
Колье,202,2025-09-19T00:00:00+00:00,5705746,10541
Колье,202,2025-09-20T00:00:00+00:00,6078134,11118
Колье,202,2025-09-21T00:00:00+00:00,6697951,12791
Колье,202,2025-09-22T00:00:00+00:00,5779327,9528
Колье,202,2025-09-23T00:00:00+00:00,6276319,10022
Колье,202,2025-09-24T00:00:00+00:00,6344447,11026
Колье,202,2025-09-25T00:00:00+00:00,6352029,12256
Колье,202,2025-09-26T00:00:00+00:00,5856095,11706
Колье,202,2025-09-27T00:00:00+00:00,6717075,14078
Колье,202,2025-09-28T00:00:00+00:00,7383282,15182
Колье,202,2025-09-29T00:00:00+00:00,6464882,13723
Серьги,203,2025-08-31T00:00:00+00:00,27140578,64610
Серьги,203,2025-09-01T00:00:00+00:00,25273823,63461
Серьги,203,2025-09-02T00:00:00+00:00,26221379,70478
Серьги,203,2025-09-03T00:00:00+00:00,24522649,64737
Серьги,203,2025-09-04T00:00:00+00:00,24545943,65979
Серьги,203,2025-09-05T00:00:00+00:00,22120691,58184
Серьги,203,2025-09-06T00:00:00+00:00,23716648,63695
Серьги,203,2025-09-07T00:00:00+00:00,23965920,63777
Серьги,203,2025-09-08T00:00:00+00:00,44798302,120624
Серьги,203,2025-09-09T00:00:00+00:00,77892507,148254
Серьги,203,2025-09-10T00:00:00+00:00,23910330,62033
Серьги,203,2025-09-11T00:00:00+00:00,23873166,63093
Серьги,203,2025-09-12T00:00:00+00:00,21396661,54820
Серьги,203,2025-09-13T00:00:00+00:00,22114213,60377
Серьги,203,2025-09-14T00:00:00+00:00,24333310,68370
Серьги,203,2025-09-15T00:00:00+00:00,23598076,67413
Серьги,203,2025-09-16T00:00:00+00:00,23786212,66336
Серьги,203,2025-09-17T00:00:00+00:00,23537017,63104
Серьги,203,2025-09-18T00:00:00+00:00,20587270,52373
Серьги,203,2025-09-19T00:00:00+00:00,17393119,42257
Серьги,203,2025-09-20T00:00:00+00:00,18981197,47603
Серьги,203,2025-09-21T00:00:00+00:00,20662904,51252
Серьги,203,2025-09-22T00:00:00+00:00,16953216,38099
Серьги,203,2025-09-23T00:00:00+00:00,18605826,39379
Серьги,203,2025-09-24T00:00:00+00:00,19395494,44679
Серьги,203,2025-09-25T00:00:00+00:00,21030837,56994
Серьги,203,2025-09-26T00:00:00+00:00,19734860,58472
Серьги,203,2025-09-27T00:00:00+00:00,21806720,68323
Серьги,203,2025-09-28T00:00:00+00:00,22188442,67644
Серьги,203,2025-09-29T00:00:00+00:00,20255610,61183
Толстовки,233,2025-08-31T00:00:00+00:00,74746128,39047
Толстовки,233,2025-09-01T00:00:00+00:00,66436374,35357
Толстовки,233,2025-09-02T00:00:00+00:00,72551091,37873
Толстовки,233,2025-09-03T00:00:00+00:00,72417140,44016
Толстовки,233,2025-09-04T00:00:00+00:00,74867496,42776
Толстовки,233,2025-09-05T00:00:00+00:00,73080202,40438
Толстовки,233,2025-09-06T00:00:00+00:00,73658472,41853
Толстовки,233,2025-09-07T00:00:00+00:00,79178135,45882
Толстовки,233,2025-09-08T00:00:00+00:00,70737394,40663
Толстовки,233,2025-09-09T00:00:00+00:00,90250835,39018
Толстовки,233,2025-09-10T00:00:00+00:00,70790357,41906
Толстовки,233,2025-09-11T00:00:00+00:00,73221207,40750
Толстовки,233,2025-09-12T00:00:00+00:00,71189207,38162
Толстовки,233,2025-09-13T00:00:00+00:00,84948111,50336
Толстовки,233,2025-09-14T00:00:00+00:00,85543842,49843
Толстовки,233,2025-09-15T00:00:00+00:00,88303697,53601
Толстовки,233,2025-09-16T00:00:00+00:00,85056345,50871
Толстовки,233,2025-09-17T00:00:00+00:00,70895762,38704
Толстовки,233,2025-09-18T00:00:00+00:00,68317575,34799
Толстовки,233,2025-09-19T00:00:00+00:00,65311555,34142
Толстовки,233,2025-09-20T00:00:00+00:00,71626580,39991
Толстовки,233,2025-09-21T00:00:00+00:00,75654563,41754
Толстовки,233,2025-09-22T00:00:00+00:00,64703311,34507
Толстовки,233,2025-09-23T00:00:00+00:00,63170776,34216
Толстовки,233,2025-09-24T00:00:00+00:00,71373708,38934
Толстовки,233,2025-09-25T00:00:00+00:00,80651560,44884
Толстовки,233,2025-09-26T00:00:00+00:00,76787748,44784
Толстовки,233,2025-09-27T00:00:00+00:00,76085888,44892
Толстовки,233,2025-09-28T00:00:00+00:00,85163560,48579
Толстовки,233,2025-09-29T00:00:00+00:00,84065908,48174
Копилки,234,2025-08-31T00:00:00+00:00,2351246,4618
Копилки,234,2025-09-01T00:00:00+00:00,2002118,3794
Копилки,234,2025-09-02T00:00:00+00:00,2227800,4442
Копилки,234,2025-09-03T00:00:00+00:00,2228119,4691
Копилки,234,2025-09-04T00:00:00+00:00,2239040,4960
Копилки,234,2025-09-05T00:00:00+00:00,2063674,4248
Копилки,234,2025-09-06T00:00:00+00:00,1956686,4053
Копилки,234,2025-09-07T00:00:00+00:00,2034098,4215
Копилки,234,2025-09-08T00:00:00+00:00,3260505,6682
Копилки,234,2025-09-09T00:00:00+00:00,4830587,6589
Копилки,234,2025-09-10T00:00:00+00:00,2115445,4211
Копилки,234,2025-09-11T00:00:00+00:00,2147670,4510
Копилки,234,2025-09-12T00:00:00+00:00,2009747,4093
Копилки,234,2025-09-13T00:00:00+00:00,2001280,4530
Копилки,234,2025-09-14T00:00:00+00:00,2023648,4542
Копилки,234,2025-09-15T00:00:00+00:00,2051653,4690
Копилки,234,2025-09-16T00:00:00+00:00,2051460,4596
Копилки,234,2025-09-17T00:00:00+00:00,1954517,4223
Копилки,234,2025-09-18T00:00:00+00:00,1294211,2715
Копилки,234,2025-09-19T00:00:00+00:00,1253078,2514
Копилки,234,2025-09-20T00:00:00+00:00,1331204,2688
Копилки,234,2025-09-21T00:00:00+00:00,1391145,2914
Копилки,234,2025-09-22T00:00:00+00:00,1218757,2285
Копилки,234,2025-09-23T00:00:00+00:00,1242054,2100
Копилки,234,2025-09-24T00:00:00+00:00,1284584,2275
Копилки,234,2025-09-25T00:00:00+00:00,1361196,2705
Копилки,234,2025-09-26T00:00:00+00:00,1305225,2700
Копилки,234,2025-09-27T00:00:00+00:00,1265477,2861
Копилки,234,2025-09-28T00:00:00+00:00,1372745,2872
Копилки,234,2025-09-29T00:00:00+00:00,1293870,2700
Одеяла,319,2025-08-31T00:00:00+00:00,7374166,6194
Одеяла,319,2025-09-01T00:00:00+00:00,5730298,5027
Одеяла,319,2025-09-02T00:00:00+00:00,5727291,4853
Одеяла,319,2025-09-03T00:00:00+00:00,5366316,4373
Одеяла,319,2025-09-04T00:00:00+00:00,5631638,3873
Одеяла,319,2025-09-05T00:00:00+00:00,5917595,4644
Одеяла,319,2025-09-06T00:00:00+00:00,7200196,6222
Одеяла,319,2025-09-07T00:00:00+00:00,7565006,6919
Одеяла,319,2025-09-08T00:00:00+00:00,4704413,4220
Одеяла,319,2025-09-09T00:00:00+00:00,1320658,797
Одеяла,319,2025-09-10T00:00:00+00:00,4937972,4098
Одеяла,319,2025-09-11T00:00:00+00:00,5204751,3579
Одеяла,319,2025-09-12T00:00:00+00:00,5445143,4289
Одеяла,319,2025-09-13T00:00:00+00:00,9203170,8806
Одеяла,319,2025-09-14T00:00:00+00:00,8108887,7493
Одеяла,319,2025-09-15T00:00:00+00:00,6969561,6141
Одеяла,319,2025-09-16T00:00:00+00:00,5272582,4193
Одеяла,319,2025-09-17T00:00:00+00:00,5755496,4801
Одеяла,319,2025-09-18T00:00:00+00:00,3034974,2392
Одеяла,319,2025-09-19T00:00:00+00:00,3212099,2721
Одеяла,319,2025-09-20T00:00:00+00:00,2687218,2541
Одеяла,319,2025-09-21T00:00:00+00:00,2358991,2211
Одеяла,319,2025-09-22T00:00:00+00:00,2144897,1809
Одеяла,319,2025-09-23T00:00:00+00:00,2054396,1702
Одеяла,319,2025-09-24T00:00:00+00:00,1989185,1808
Одеяла,319,2025-09-25T00:00:00+00:00,2188285,2084
Одеяла,319,2025-09-26T00:00:00+00:00,1957941,1804
Одеяла,319,2025-09-27T00:00:00+00:00,1590789,1605
Одеяла,319,2025-09-28T00:00:00+00:00,1452340,1604
Одеяла,319,2025-09-29T00:00:00+00:00,227563,516
Светильники,330,2025-08-31T00:00:00+00:00,37101129,43595
Светильники,330,2025-09-01T00:00:00+00:00,33777370,40258
Светильники,330,2025-09-02T00:00:00+00:00,38324322,47875
Светильники,330,2025-09-03T00:00:00+00:00,31138109,37831
Светильники,330,2025-09-04T00:00:00+00:00,29486638,34992
Светильники,330,2025-09-05T00:00:00+00:00,26307205,28648
Светильники,330,2025-09-06T00:00:00+00:00,28291199,32658
Светильники,330,2025-09-07T00:00:00+00:00,30214432,36818
Светильники,330,2025-09-08T00:00:00+00:00,40737526,40641
Светильники,330,2025-09-09T00:00:00+00:00,54571523,46634
Светильники,330,2025-09-10T00:00:00+00:00,29131126,35050
Светильники,330,2025-09-11T00:00:00+00:00,27647424,32310
Светильники,330,2025-09-12T00:00:00+00:00,24579806,26376
Светильники,330,2025-09-13T00:00:00+00:00,29330085,36187
Светильники,330,2025-09-14T00:00:00+00:00,31175151,41610
Светильники,330,2025-09-15T00:00:00+00:00,36159252,43028
Светильники,330,2025-09-16T00:00:00+00:00,40241090,40274
Светильники,330,2025-09-17T00:00:00+00:00,33001411,32535
Светильники,330,2025-09-18T00:00:00+00:00,18613087,20085
Светильники,330,2025-09-19T00:00:00+00:00,18663016,20700
Светильники,330,2025-09-20T00:00:00+00:00,19131650,23856
Светильники,330,2025-09-21T00:00:00+00:00,20996440,25964
Светильники,330,2025-09-22T00:00:00+00:00,18346912,19904
Светильники,330,2025-09-23T00:00:00+00:00,19695815,19181
Светильники,330,2025-09-24T00:00:00+00:00,19299549,20702
Светильники,330,2025-09-25T00:00:00+00:00,21021931,26204
Светильники,330,2025-09-26T00:00:00+00:00,20119825,25627
Светильники,330,2025-09-27T00:00:00+00:00,20308240,26364
Светильники,330,2025-09-28T00:00:00+00:00,21849358,27947
Светильники,330,2025-09-29T00:00:00+00:00,22550769,27593
Гели,363,2025-08-31T00:00:00+00:00,54196649,98332
Гели,363,2025-09-01T00:00:00+00:00,49385243,92213
Гели,363,2025-09-02T00:00:00+00:00,52849318,103294
Гели,363,2025-09-03T00:00:00+00:00,50743966,101409
Гели,363,2025-09-04T00:00:00+00:00,53985017,108788
Гели,363,2025-09-05T00:00:00+00:00,42308373,81379
Гели,363,2025-09-06T00:00:00+00:00,46067979,89959
Гели,363,2025-09-07T00:00:00+00:00,52206731,102962
Гели,363,2025-09-08T00:00:00+00:00,54917221,94563
Гели,363,2025-09-09T00:00:00+00:00,15269438,21082
Гели,363,2025-09-10T00:00:00+00:00,49022281,96938
Гели,363,2025-09-11T00:00:00+00:00,52232328,104838
Гели,363,2025-09-12T00:00:00+00:00,41199653,78920
Гели,363,2025-09-13T00:00:00+00:00,37238242,69706
Гели,363,2025-09-14T00:00:00+00:00,39978724,74689
Гели,363,2025-09-15T00:00:00+00:00,40033531,75251
Гели,363,2025-09-16T00:00:00+00:00,38578153,71335
Гели,363,2025-09-17T00:00:00+00:00,35113729,64090
Гели,363,2025-09-18T00:00:00+00:00,14139065,25835
Гели,363,2025-09-19T00:00:00+00:00,10850789,19401
Гели,363,2025-09-20T00:00:00+00:00,10838392,20897
Гели,363,2025-09-21T00:00:00+00:00,12199981,22558
Гели,363,2025-09-22T00:00:00+00:00,10882143,18406
Гели,363,2025-09-23T00:00:00+00:00,10865441,17909
Гели,363,2025-09-24T00:00:00+00:00,11450897,18933
Гели,363,2025-09-25T00:00:00+00:00,13335426,26205
Гели,363,2025-09-26T00:00:00+00:00,11702339,22468
Гели,363,2025-09-27T00:00:00+00:00,11984381,25262
Гели,363,2025-09-28T00:00:00+00:00,13620980,27731
Гели,363,2025-09-29T00:00:00+00:00,13370125,26571
Книги,381,2025-08-31T00:00:00+00:00,125047043,279547
Книги,381,2025-09-01T00:00:00+00:00,88563776,201188
Книги,381,2025-09-02T00:00:00+00:00,112244580,289233
Книги,381,2025-09-03T00:00:00+00:00,185636817,509990
Книги,381,2025-09-04T00:00:00+00:00,118570660,318693
Книги,381,2025-09-05T00:00:00+00:00,79282545,198993
Книги,381,2025-09-06T00:00:00+00:00,80884265,194368
Книги,381,2025-09-07T00:00:00+00:00,87090538,210703
Книги,381,2025-09-08T00:00:00+00:00,130606508,307402
Книги,381,2025-09-09T00:00:00+00:00,175645916,301853
Книги,381,2025-09-10T00:00:00+00:00,174475024,481136
Книги,381,2025-09-11T00:00:00+00:00,112312045,298813
Книги,381,2025-09-12T00:00:00+00:00,74195214,184211
Книги,381,2025-09-13T00:00:00+00:00,102562763,256858
Книги,381,2025-09-14T00:00:00+00:00,97063563,273108
Книги,381,2025-09-15T00:00:00+00:00,104771812,293286
Книги,381,2025-09-16T00:00:00+00:00,84486606,229147
Книги,381,2025-09-17T00:00:00+00:00,66517712,163797
Книги,381,2025-09-18T00:00:00+00:00,51596136,121522
Книги,381,2025-09-19T00:00:00+00:00,51324442,119429
Книги,381,2025-09-20T00:00:00+00:00,51394525,127481
Книги,381,2025-09-21T00:00:00+00:00,50970284,116626
Книги,381,2025-09-22T00:00:00+00:00,43402919,88194
Книги,381,2025-09-23T00:00:00+00:00,45402489,100898
Книги,381,2025-09-24T00:00:00+00:00,48669563,111624
Книги,381,2025-09-25T00:00:00+00:00,62311088,192216
Книги,381,2025-09-26T00:00:00+00:00,57382395,207823
Книги,381,2025-09-27T00:00:00+00:00,55170006,208031
Книги,381,2025-09-28T00:00:00+00:00,51691640,149758
Книги,381,2025-09-29T00:00:00+00:00,0,0
Термосы,511,2025-08-31T00:00:00+00:00,7167061,7265
Термосы,511,2025-09-01T00:00:00+00:00,6250206,6251
Термосы,511,2025-09-02T00:00:00+00:00,7101206,7275
Термосы,511,2025-09-03T00:00:00+00:00,7145051,6685
Термосы,511,2025-09-04T00:00:00+00:00,7012107,6863
Термосы,511,2025-09-05T00:00:00+00:00,6271807,6273
Термосы,511,2025-09-06T00:00:00+00:00,6712814,6722
Термосы,511,2025-09-07T00:00:00+00:00,6641023,6647
Термосы,511,2025-09-08T00:00:00+00:00,8698540,8729
Термосы,511,2025-09-09T00:00:00+00:00,11436702,8776
Термосы,511,2025-09-10T00:00:00+00:00,6879759,6332
Термосы,511,2025-09-11T00:00:00+00:00,6731091,6493
Термосы,511,2025-09-12T00:00:00+00:00,6003009,5930
Термосы,511,2025-09-13T00:00:00+00:00,6156498,5934
Термосы,511,2025-09-14T00:00:00+00:00,6929014,6777
Термосы,511,2025-09-15T00:00:00+00:00,7158234,7466
Термосы,511,2025-09-16T00:00:00+00:00,7485520,7152
Термосы,511,2025-09-17T00:00:00+00:00,7714601,7572
Термосы,511,2025-09-18T00:00:00+00:00,6258046,5943
Термосы,511,2025-09-19T00:00:00+00:00,6451196,6472
Термосы,511,2025-09-20T00:00:00+00:00,5964607,6257
Термосы,511,2025-09-21T00:00:00+00:00,6301882,6487
Термосы,511,2025-09-22T00:00:00+00:00,6038639,5669
Термосы,511,2025-09-23T00:00:00+00:00,6286155,5758
Термосы,511,2025-09-24T00:00:00+00:00,6454472,6330
Термосы,511,2025-09-25T00:00:00+00:00,6751046,6877
Термосы,511,2025-09-26T00:00:00+00:00,6233315,6177
Термосы,511,2025-09-27T00:00:00+00:00,6107168,5888
Термосы,511,2025-09-28T00:00:00+00:00,6298141,5858
Термосы,511,2025-09-29T00:00:00+00:00,7211434,6584
Кабели,519,2025-08-31T00:00:00+00:00,11909117,33907
Кабели,519,2025-09-01T00:00:00+00:00,12161384,34945
Кабели,519,2025-09-02T00:00:00+00:00,12212279,37061
Кабели,519,2025-09-03T00:00:00+00:00,11947016,35635
Кабели,519,2025-09-04T00:00:00+00:00,11698494,35094
Кабели,519,2025-09-05T00:00:00+00:00,10524309,31573
Кабели,519,2025-09-06T00:00:00+00:00,10181399,31692
Кабели,519,2025-09-07T00:00:00+00:00,11379083,35290
Кабели,519,2025-09-08T00:00:00+00:00,18969490,51829
Кабели,519,2025-09-09T00:00:00+00:00,17379290,29214
Кабели,519,2025-09-10T00:00:00+00:00,11747810,35048
Кабели,519,2025-09-11T00:00:00+00:00,11512323,34302
Кабели,519,2025-09-12T00:00:00+00:00,10297185,30592
Кабели,519,2025-09-13T00:00:00+00:00,10231071,32111
Кабели,519,2025-09-14T00:00:00+00:00,11247263,35726
Кабели,519,2025-09-15T00:00:00+00:00,11574763,37621
Кабели,519,2025-09-16T00:00:00+00:00,12143043,37302
Кабели,519,2025-09-17T00:00:00+00:00,10830735,32327
Кабели,519,2025-09-18T00:00:00+00:00,5616288,14187
Кабели,519,2025-09-19T00:00:00+00:00,5116536,13178
Кабели,519,2025-09-20T00:00:00+00:00,4791195,12934
Кабели,519,2025-09-21T00:00:00+00:00,5300360,14003
Кабели,519,2025-09-22T00:00:00+00:00,5229444,12696
Кабели,519,2025-09-23T00:00:00+00:00,5288290,12650
Кабели,519,2025-09-24T00:00:00+00:00,5086872,12066
Кабели,519,2025-09-25T00:00:00+00:00,5477248,14783
Кабели,519,2025-09-26T00:00:00+00:00,5044590,14325
Кабели,519,2025-09-27T00:00:00+00:00,4766562,14548
Кабели,519,2025-09-28T00:00:00+00:00,5163717,15495
Кабели,519,2025-09-29T00:00:00+00:00,5304925,15798
Колонки,520,2025-08-31T00:00:00+00:00,23415084,8249
Колонки,520,2025-09-01T00:00:00+00:00,35000284,8916
Колонки,520,2025-09-02T00:00:00+00:00,22511978,9451
Колонки,520,2025-09-03T00:00:00+00:00,19283173,10622
Колонки,520,2025-09-04T00:00:00+00:00,20801439,9866
Колонки,520,2025-09-05T00:00:00+00:00,22344188,8762
Колонки,520,2025-09-06T00:00:00+00:00,16508855,8348
Колонки,520,2025-09-07T00:00:00+00:00,16135775,8423
Колонки,520,2025-09-08T00:00:00+00:00,32626646,14036
Колонки,520,2025-09-09T00:00:00+00:00,16337165,5030
Колонки,520,2025-09-10T00:00:00+00:00,18714706,10039
Колонки,520,2025-09-11T00:00:00+00:00,19919033,9339
Колонки,520,2025-09-12T00:00:00+00:00,21852660,8371
Колонки,520,2025-09-13T00:00:00+00:00,16373388,7538
Колонки,520,2025-09-14T00:00:00+00:00,16260613,7398
Колонки,520,2025-09-15T00:00:00+00:00,18572011,7926
Колонки,520,2025-09-16T00:00:00+00:00,21142226,8463
Колонки,520,2025-09-17T00:00:00+00:00,28217126,8129
Колонки,520,2025-09-18T00:00:00+00:00,10986242,3426
Колонки,520,2025-09-19T00:00:00+00:00,14295785,4107
Колонки,520,2025-09-20T00:00:00+00:00,15169647,4351
Колонки,520,2025-09-21T00:00:00+00:00,12296380,4356
Колонки,520,2025-09-22T00:00:00+00:00,12000127,3672
Колонки,520,2025-09-23T00:00:00+00:00,11310680,3677
Колонки,520,2025-09-24T00:00:00+00:00,10111117,3361
Колонки,520,2025-09-25T00:00:00+00:00,10566088,4085
Колонки,520,2025-09-26T00:00:00+00:00,11263473,3860
Колонки,520,2025-09-27T00:00:00+00:00,11973153,4150
Колонки,520,2025-09-28T00:00:00+00:00,12335714,3937
Колонки,520,2025-09-29T00:00:00+00:00,13514818,4294
Наушники,593,2025-08-31T00:00:00+00:00,46111897,41874
Наушники,593,2025-09-01T00:00:00+00:00,49772758,45251
Наушники,593,2025-09-02T00:00:00+00:00,48766174,45199
Наушники,593,2025-09-03T00:00:00+00:00,50305528,47236
Наушники,593,2025-09-04T00:00:00+00:00,47629786,46513
Наушники,593,2025-09-05T00:00:00+00:00,42734023,41058
Наушники,593,2025-09-06T00:00:00+00:00,42327165,41972
Наушники,593,2025-09-07T00:00:00+00:00,45936093,44315
Наушники,593,2025-09-08T00:00:00+00:00,70502279,62038
Наушники,593,2025-09-09T00:00:00+00:00,29492291,17624
Наушники,593,2025-09-10T00:00:00+00:00,47609990,45417
Наушники,593,2025-09-11T00:00:00+00:00,45530063,44506
Наушники,593,2025-09-12T00:00:00+00:00,40813204,39006
Наушники,593,2025-09-13T00:00:00+00:00,41980462,41787
Наушники,593,2025-09-14T00:00:00+00:00,44008917,43988
Наушники,593,2025-09-15T00:00:00+00:00,44906208,46258
Наушники,593,2025-09-16T00:00:00+00:00,44130327,44349
Наушники,593,2025-09-17T00:00:00+00:00,43904345,42094
Наушники,593,2025-09-18T00:00:00+00:00,24114068,18292
Наушники,593,2025-09-19T00:00:00+00:00,21958368,17291
Наушники,593,2025-09-20T00:00:00+00:00,21762619,17451
Наушники,593,2025-09-21T00:00:00+00:00,23821545,18498
Наушники,593,2025-09-22T00:00:00+00:00,21725790,16618
Наушники,593,2025-09-23T00:00:00+00:00,21374174,15910
Наушники,593,2025-09-24T00:00:00+00:00,20423016,16050
Наушники,593,2025-09-25T00:00:00+00:00,24768167,18176
Наушники,593,2025-09-26T00:00:00+00:00,22873060,17402
Наушники,593,2025-09-27T00:00:00+00:00,21633310,17773
Наушники,593,2025-09-28T00:00:00+00:00,23483115,18539
Наушники,593,2025-09-29T00:00:00+00:00,23372062,18815
Часы настенные,625,2025-08-31T00:00:00+00:00,6170227,8375
Часы настенные,625,2025-09-01T00:00:00+00:00,4936691,6666
Часы настенные,625,2025-09-02T00:00:00+00:00,5929501,7952
Часы настенные,625,2025-09-03T00:00:00+00:00,5788453,7808
Часы настенные,625,2025-09-04T00:00:00+00:00,5064100,6874
Часы настенные,625,2025-09-05T00:00:00+00:00,5071083,6747
Часы настенные,625,2025-09-06T00:00:00+00:00,5396620,7229
Часы настенные,625,2025-09-07T00:00:00+00:00,5581686,7475
Часы настенные,625,2025-09-08T00:00:00+00:00,6203306,8903
Часы настенные,625,2025-09-09T00:00:00+00:00,6114806,5505
Часы настенные,625,2025-09-10T00:00:00+00:00,5614143,7431
Часы настенные,625,2025-09-11T00:00:00+00:00,4880213,6602
Часы настенные,625,2025-09-12T00:00:00+00:00,4904607,6469
Часы настенные,625,2025-09-13T00:00:00+00:00,5404610,7420
Часы настенные,625,2025-09-14T00:00:00+00:00,5432948,7703
Часы настенные,625,2025-09-15T00:00:00+00:00,5676924,8109
Часы настенные,625,2025-09-16T00:00:00+00:00,5625592,7905
Часы настенные,625,2025-09-17T00:00:00+00:00,5539465,7464
Часы настенные,625,2025-09-18T00:00:00+00:00,5028337,6371
Часы настенные,625,2025-09-19T00:00:00+00:00,4648386,6036
Часы настенные,625,2025-09-20T00:00:00+00:00,4299975,5967
Часы настенные,625,2025-09-21T00:00:00+00:00,4739099,6488
Часы настенные,625,2025-09-22T00:00:00+00:00,4379722,5386
Часы настенные,625,2025-09-23T00:00:00+00:00,4460358,5242
Часы настенные,625,2025-09-24T00:00:00+00:00,4558005,5504
Часы настенные,625,2025-09-25T00:00:00+00:00,4938201,6792
Часы настенные,625,2025-09-26T00:00:00+00:00,4586871,5938
Часы настенные,625,2025-09-27T00:00:00+00:00,4362084,5577
Часы настенные,625,2025-09-28T00:00:00+00:00,4678822,5782
Часы настенные,625,2025-09-29T00:00:00+00:00,4811664,5970
Комбинезоны для животных,735,2025-08-31T00:00:00+00:00,3746035,3004
Комбинезоны для животных,735,2025-09-01T00:00:00+00:00,3417025,2505
Комбинезоны для животных,735,2025-09-02T00:00:00+00:00,3805879,2929
Комбинезоны для животных,735,2025-09-03T00:00:00+00:00,4662149,3710
Комбинезоны для животных,735,2025-09-04T00:00:00+00:00,5037741,4139
Комбинезоны для животных,735,2025-09-05T00:00:00+00:00,4605185,4026
Комбинезоны для животных,735,2025-09-06T00:00:00+00:00,4690684,4231
Комбинезоны для животных,735,2025-09-07T00:00:00+00:00,4279875,3859
Комбинезоны для животных,735,2025-09-08T00:00:00+00:00,6406092,5318
Комбинезоны для животных,735,2025-09-09T00:00:00+00:00,16608954,8485
Комбинезоны для животных,735,2025-09-10T00:00:00+00:00,4618898,3618
Комбинезоны для животных,735,2025-09-11T00:00:00+00:00,4947385,3976
Комбинезоны для животных,735,2025-09-12T00:00:00+00:00,4521342,3848
Комбинезоны для животных,735,2025-09-13T00:00:00+00:00,6848022,6408
Комбинезоны для животных,735,2025-09-14T00:00:00+00:00,6873494,6424
Комбинезоны для животных,735,2025-09-15T00:00:00+00:00,7194803,6973
Комбинезоны для животных,735,2025-09-16T00:00:00+00:00,6860489,6441
Комбинезоны для животных,735,2025-09-17T00:00:00+00:00,5828995,5056
Комбинезоны для животных,735,2025-09-18T00:00:00+00:00,6324989,5167
Комбинезоны для животных,735,2025-09-19T00:00:00+00:00,6799104,5562
Комбинезоны для животных,735,2025-09-20T00:00:00+00:00,6778291,5655
Комбинезоны для животных,735,2025-09-21T00:00:00+00:00,7417028,6145
Комбинезоны для животных,735,2025-09-22T00:00:00+00:00,6576447,4989
Комбинезоны для животных,735,2025-09-23T00:00:00+00:00,7752470,5447
Комбинезоны для животных,735,2025-09-24T00:00:00+00:00,10845233,7550
Комбинезоны для животных,735,2025-09-25T00:00:00+00:00,12577460,9219
Комбинезоны для животных,735,2025-09-26T00:00:00+00:00,11677512,8405
Комбинезоны для животных,735,2025-09-27T00:00:00+00:00,13120432,9439
Комбинезоны для животных,735,2025-09-28T00:00:00+00:00,17070179,11639
Комбинезоны для животных,735,2025-09-29T00:00:00+00:00,17870140,12520
Сетевые фильтры,785,2025-08-31T00:00:00+00:00,6559865,12488
Сетевые фильтры,785,2025-09-01T00:00:00+00:00,5560471,10814
Сетевые фильтры,785,2025-09-02T00:00:00+00:00,5868141,12004
Сетевые фильтры,785,2025-09-03T00:00:00+00:00,5764836,12286
Сетевые фильтры,785,2025-09-04T00:00:00+00:00,5793873,11971
Сетевые фильтры,785,2025-09-05T00:00:00+00:00,4955887,9995
Сетевые фильтры,785,2025-09-06T00:00:00+00:00,5147657,10570
Сетевые фильтры,785,2025-09-07T00:00:00+00:00,5607324,11919
Сетевые фильтры,785,2025-09-08T00:00:00+00:00,6964197,13705
Сетевые фильтры,785,2025-09-09T00:00:00+00:00,4622961,5221
Сетевые фильтры,785,2025-09-10T00:00:00+00:00,5603210,11945
Сетевые фильтры,785,2025-09-11T00:00:00+00:00,5597724,11514
Сетевые фильтры,785,2025-09-12T00:00:00+00:00,4728253,9543
Сетевые фильтры,785,2025-09-13T00:00:00+00:00,4878495,10102
Сетевые фильтры,785,2025-09-14T00:00:00+00:00,5449952,11361
Сетевые фильтры,785,2025-09-15T00:00:00+00:00,5231179,11370
Сетевые фильтры,785,2025-09-16T00:00:00+00:00,5183031,10986
Сетевые фильтры,785,2025-09-17T00:00:00+00:00,4822514,10079
Сетевые фильтры,785,2025-09-18T00:00:00+00:00,2255786,3623
Сетевые фильтры,785,2025-09-19T00:00:00+00:00,2006142,3267
Сетевые фильтры,785,2025-09-20T00:00:00+00:00,2108660,3621
Сетевые фильтры,785,2025-09-21T00:00:00+00:00,2244248,3654
Сетевые фильтры,785,2025-09-22T00:00:00+00:00,1893198,3004
Сетевые фильтры,785,2025-09-23T00:00:00+00:00,1846263,2760
Сетевые фильтры,785,2025-09-24T00:00:00+00:00,1880175,2834
Сетевые фильтры,785,2025-09-25T00:00:00+00:00,2408877,4261
Сетевые фильтры,785,2025-09-26T00:00:00+00:00,2121593,3570
Сетевые фильтры,785,2025-09-27T00:00:00+00:00,2150212,3533
Сетевые фильтры,785,2025-09-28T00:00:00+00:00,2441522,4089
Сетевые фильтры,785,2025-09-29T00:00:00+00:00,2429838,4109
Элементы питания,792,2025-08-31T00:00:00+00:00,6123977,18234
Элементы питания,792,2025-09-01T00:00:00+00:00,5511642,16537
Элементы питания,792,2025-09-02T00:00:00+00:00,6223419,20400
Элементы питания,792,2025-09-03T00:00:00+00:00,6187552,20732
Элементы питания,792,2025-09-04T00:00:00+00:00,6798625,21303
Элементы питания,792,2025-09-05T00:00:00+00:00,5957835,18128
Элементы питания,792,2025-09-06T00:00:00+00:00,5873292,18313
Элементы питания,792,2025-09-07T00:00:00+00:00,6123684,20404
Элементы питания,792,2025-09-08T00:00:00+00:00,10864240,28447
Элементы питания,792,2025-09-09T00:00:00+00:00,9062692,11069
Элементы питания,792,2025-09-10T00:00:00+00:00,6009308,20168
Элементы питания,792,2025-09-11T00:00:00+00:00,6572706,20778
Элементы питания,792,2025-09-12T00:00:00+00:00,5740223,17559
Элементы питания,792,2025-09-13T00:00:00+00:00,5874932,19803
Элементы питания,792,2025-09-14T00:00:00+00:00,6908915,23795
Элементы питания,792,2025-09-15T00:00:00+00:00,6762257,22873
Элементы питания,792,2025-09-16T00:00:00+00:00,6590300,21913
Элементы питания,792,2025-09-17T00:00:00+00:00,6575541,20625
Элементы питания,792,2025-09-18T00:00:00+00:00,3406869,7803
Элементы питания,792,2025-09-19T00:00:00+00:00,2964016,6974
Элементы питания,792,2025-09-20T00:00:00+00:00,2929540,7053
Элементы питания,792,2025-09-21T00:00:00+00:00,3119815,7414
Элементы питания,792,2025-09-22T00:00:00+00:00,3391678,9167
Элементы питания,792,2025-09-23T00:00:00+00:00,3595152,8251
Элементы питания,792,2025-09-24T00:00:00+00:00,3562266,7857
Элементы питания,792,2025-09-25T00:00:00+00:00,3930253,9282
Элементы питания,792,2025-09-26T00:00:00+00:00,3405962,8433
Элементы питания,792,2025-09-27T00:00:00+00:00,3790387,10172
Элементы питания,792,2025-09-28T00:00:00+00:00,3784688,10410
Элементы питания,792,2025-09-29T00:00:00+00:00,4149943,11559
Дозаторы для ванной,847,2025-08-31T00:00:00+00:00,7243483,11899
Дозаторы для ванной,847,2025-09-01T00:00:00+00:00,4940786,7910
Дозаторы для ванной,847,2025-09-02T00:00:00+00:00,5550210,9130
Дозаторы для ванной,847,2025-09-03T00:00:00+00:00,5895988,9979
Дозаторы для ванной,847,2025-09-04T00:00:00+00:00,5696631,9570
Дозаторы для ванной,847,2025-09-05T00:00:00+00:00,5160188,8252
Дозаторы для ванной,847,2025-09-06T00:00:00+00:00,5562994,9189
Дозаторы для ванной,847,2025-09-07T00:00:00+00:00,5745017,9484
Дозаторы для ванной,847,2025-09-08T00:00:00+00:00,7387004,11707
Дозаторы для ванной,847,2025-09-09T00:00:00+00:00,3595003,4054
Дозаторы для ванной,847,2025-09-10T00:00:00+00:00,5728403,9588
Дозаторы для ванной,847,2025-09-11T00:00:00+00:00,5523840,9202
Дозаторы для ванной,847,2025-09-12T00:00:00+00:00,4967677,7833
Дозаторы для ванной,847,2025-09-13T00:00:00+00:00,4813507,7851
Дозаторы для ванной,847,2025-09-14T00:00:00+00:00,5221806,8655
Дозаторы для ванной,847,2025-09-15T00:00:00+00:00,5117847,8554
Дозаторы для ванной,847,2025-09-16T00:00:00+00:00,4628431,7393
Дозаторы для ванной,847,2025-09-17T00:00:00+00:00,5444649,8913
Дозаторы для ванной,847,2025-09-18T00:00:00+00:00,2822853,4974
Дозаторы для ванной,847,2025-09-19T00:00:00+00:00,2462369,4368
Дозаторы для ванной,847,2025-09-20T00:00:00+00:00,2612856,5081
Дозаторы для ванной,847,2025-09-21T00:00:00+00:00,2837725,5416
Дозаторы для ванной,847,2025-09-22T00:00:00+00:00,2441422,4036
Дозаторы для ванной,847,2025-09-23T00:00:00+00:00,2263723,3596
Дозаторы для ванной,847,2025-09-24T00:00:00+00:00,2482957,4089
Дозаторы для ванной,847,2025-09-25T00:00:00+00:00,2624998,5027
Дозаторы для ванной,847,2025-09-26T00:00:00+00:00,2593981,4697
Дозаторы для ванной,847,2025-09-27T00:00:00+00:00,4011145,5818
Дозаторы для ванной,847,2025-09-28T00:00:00+00:00,3240924,5702
Дозаторы для ванной,847,2025-09-29T00:00:00+00:00,2936790,4961
Flash-накопители,1001,2025-08-31T00:00:00+00:00,2356412,4045
Flash-накопители,1001,2025-09-01T00:00:00+00:00,2477372,4375
Flash-накопители,1001,2025-09-02T00:00:00+00:00,3075301,5819
Flash-накопители,1001,2025-09-03T00:00:00+00:00,3234393,6225
Flash-накопители,1001,2025-09-04T00:00:00+00:00,3230271,6524
Flash-накопители,1001,2025-09-05T00:00:00+00:00,2971312,5879
Flash-накопители,1001,2025-09-06T00:00:00+00:00,2772402,5356
Flash-накопители,1001,2025-09-07T00:00:00+00:00,2824365,5549
Flash-накопители,1001,2025-09-08T00:00:00+00:00,5670561,10374
Flash-накопители,1001,2025-09-09T00:00:00+00:00,3789138,5426
Flash-накопители,1001,2025-09-10T00:00:00+00:00,3073762,5693
Flash-накопители,1001,2025-09-11T00:00:00+00:00,3011454,5706
Flash-накопители,1001,2025-09-12T00:00:00+00:00,2751506,5225
Flash-накопители,1001,2025-09-13T00:00:00+00:00,2439040,4932
Flash-накопители,1001,2025-09-14T00:00:00+00:00,2676644,5559
Flash-накопители,1001,2025-09-15T00:00:00+00:00,3160248,6799
Flash-накопители,1001,2025-09-16T00:00:00+00:00,3297485,7135
Flash-накопители,1001,2025-09-17T00:00:00+00:00,3016847,5980
Flash-накопители,1001,2025-09-18T00:00:00+00:00,1820778,3505
Flash-накопители,1001,2025-09-19T00:00:00+00:00,1746727,3274
Flash-накопители,1001,2025-09-20T00:00:00+00:00,1491646,2760
Flash-накопители,1001,2025-09-21T00:00:00+00:00,1519442,2750
Flash-накопители,1001,2025-09-22T00:00:00+00:00,1638184,2867
Flash-накопители,1001,2025-09-23T00:00:00+00:00,1857362,3025
Flash-накопители,1001,2025-09-24T00:00:00+00:00,1967599,3193
Flash-накопители,1001,2025-09-25T00:00:00+00:00,1947726,3803
Flash-накопители,1001,2025-09-26T00:00:00+00:00,1873677,3717
Flash-накопители,1001,2025-09-27T00:00:00+00:00,1877796,3755
Flash-накопители,1001,2025-09-28T00:00:00+00:00,1860015,3617
Flash-накопители,1001,2025-09-29T00:00:00+00:00,2001940,4043
Перчатки садовые,1116,2025-08-31T00:00:00+00:00,801466,1928
Перчатки садовые,1116,2025-09-01T00:00:00+00:00,722288,1614
Перчатки садовые,1116,2025-09-02T00:00:00+00:00,775233,1886
Перчатки садовые,1116,2025-09-03T00:00:00+00:00,648312,1568
Перчатки садовые,1116,2025-09-04T00:00:00+00:00,580244,1391
Перчатки садовые,1116,2025-09-05T00:00:00+00:00,566293,1252
Перчатки садовые,1116,2025-09-06T00:00:00+00:00,637803,1483
Перчатки садовые,1116,2025-09-07T00:00:00+00:00,700971,1662
Перчатки садовые,1116,2025-09-08T00:00:00+00:00,1057092,2417
Перчатки садовые,1116,2025-09-09T00:00:00+00:00,413489,881
Перчатки садовые,1116,2025-09-10T00:00:00+00:00,630000,1491
Перчатки садовые,1116,2025-09-11T00:00:00+00:00,564361,1335
Перчатки садовые,1116,2025-09-12T00:00:00+00:00,547541,1186
Перчатки садовые,1116,2025-09-13T00:00:00+00:00,679886,1700
Перчатки садовые,1116,2025-09-14T00:00:00+00:00,733790,1858
Перчатки садовые,1116,2025-09-15T00:00:00+00:00,838932,2297
Перчатки садовые,1116,2025-09-16T00:00:00+00:00,719569,1876
Перчатки садовые,1116,2025-09-17T00:00:00+00:00,594660,1383
Перчатки садовые,1116,2025-09-18T00:00:00+00:00,413318,896
Перчатки садовые,1116,2025-09-19T00:00:00+00:00,415877,1079
Перчатки садовые,1116,2025-09-20T00:00:00+00:00,451454,1125
Перчатки садовые,1116,2025-09-21T00:00:00+00:00,449200,1078
Перчатки садовые,1116,2025-09-22T00:00:00+00:00,390131,775
Перчатки садовые,1116,2025-09-23T00:00:00+00:00,402951,740
Перчатки садовые,1116,2025-09-24T00:00:00+00:00,401473,837
Перчатки садовые,1116,2025-09-25T00:00:00+00:00,417577,1015
Перчатки садовые,1116,2025-09-26T00:00:00+00:00,332836,790
Перчатки садовые,1116,2025-09-27T00:00:00+00:00,372892,925
Перчатки садовые,1116,2025-09-28T00:00:00+00:00,434472,1087
Перчатки садовые,1116,2025-09-29T00:00:00+00:00,417393,1005
Кальсоны,1123,2025-08-31T00:00:00+00:00,1991474,2816
Кальсоны,1123,2025-09-01T00:00:00+00:00,1619566,2230
Кальсоны,1123,2025-09-02T00:00:00+00:00,2312871,3292
Кальсоны,1123,2025-09-03T00:00:00+00:00,3391965,5034
Кальсоны,1123,2025-09-04T00:00:00+00:00,2609546,4063
Кальсоны,1123,2025-09-05T00:00:00+00:00,2952707,4791
Кальсоны,1123,2025-09-06T00:00:00+00:00,2372471,3790
Кальсоны,1123,2025-09-07T00:00:00+00:00,2343894,3717
Кальсоны,1123,2025-09-08T00:00:00+00:00,6742944,9070
Кальсоны,1123,2025-09-09T00:00:00+00:00,5798039,5801
Кальсоны,1123,2025-09-10T00:00:00+00:00,3332252,4931
Кальсоны,1123,2025-09-11T00:00:00+00:00,2583194,4001
Кальсоны,1123,2025-09-12T00:00:00+00:00,2934580,4748
Кальсоны,1123,2025-09-13T00:00:00+00:00,3356516,4994
Кальсоны,1123,2025-09-14T00:00:00+00:00,3495857,5232
Кальсоны,1123,2025-09-15T00:00:00+00:00,4233531,6702
Кальсоны,1123,2025-09-16T00:00:00+00:00,3905751,5813
Кальсоны,1123,2025-09-17T00:00:00+00:00,3655557,5157
Кальсоны,1123,2025-09-18T00:00:00+00:00,2625545,3558
Кальсоны,1123,2025-09-19T00:00:00+00:00,2520213,3387
Кальсоны,1123,2025-09-20T00:00:00+00:00,2833228,3848
Кальсоны,1123,2025-09-21T00:00:00+00:00,3207681,4422
Кальсоны,1123,2025-09-22T00:00:00+00:00,3157847,3908
Кальсоны,1123,2025-09-23T00:00:00+00:00,3098569,3848
Кальсоны,1123,2025-09-24T00:00:00+00:00,4815362,6270
Кальсоны,1123,2025-09-25T00:00:00+00:00,6504647,8848
Кальсоны,1123,2025-09-26T00:00:00+00:00,6232004,8388
Кальсоны,1123,2025-09-27T00:00:00+00:00,6103438,7915
Кальсоны,1123,2025-09-28T00:00:00+00:00,9106995,11473
Кальсоны,1123,2025-09-29T00:00:00+00:00,12593885,16308
Люстры,1158,2025-08-31T00:00:00+00:00,34457370,19217
Люстры,1158,2025-09-01T00:00:00+00:00,26953121,14444
Люстры,1158,2025-09-02T00:00:00+00:00,28992561,16475
Люстры,1158,2025-09-03T00:00:00+00:00,25571312,14766
Люстры,1158,2025-09-04T00:00:00+00:00,26808965,14991
Люстры,1158,2025-09-05T00:00:00+00:00,22627026,11075
Люстры,1158,2025-09-06T00:00:00+00:00,26971230,13718
Люстры,1158,2025-09-07T00:00:00+00:00,29317690,15441
Люстры,1158,2025-09-08T00:00:00+00:00,36398931,17306
Люстры,1158,2025-09-09T00:00:00+00:00,37522785,9094
Люстры,1158,2025-09-10T00:00:00+00:00,24410461,13856
Люстры,1158,2025-09-11T00:00:00+00:00,25685256,14134
Люстры,1158,2025-09-12T00:00:00+00:00,21439240,10240
Люстры,1158,2025-09-13T00:00:00+00:00,27758264,15301
Люстры,1158,2025-09-14T00:00:00+00:00,29046524,16191
Люстры,1158,2025-09-15T00:00:00+00:00,28677692,16292
Люстры,1158,2025-09-16T00:00:00+00:00,27366362,14914
Люстры,1158,2025-09-17T00:00:00+00:00,24348275,13243
Люстры,1158,2025-09-18T00:00:00+00:00,17680039,8481
Люстры,1158,2025-09-19T00:00:00+00:00,18785073,9070
Люстры,1158,2025-09-20T00:00:00+00:00,19617753,10769
Люстры,1158,2025-09-21T00:00:00+00:00,20023564,11043
Люстры,1158,2025-09-22T00:00:00+00:00,17131700,8638
Люстры,1158,2025-09-23T00:00:00+00:00,16465181,8323
Люстры,1158,2025-09-24T00:00:00+00:00,17327845,9213
Люстры,1158,2025-09-25T00:00:00+00:00,18499995,9969
Люстры,1158,2025-09-26T00:00:00+00:00,17549977,9579
Люстры,1158,2025-09-27T00:00:00+00:00,18021866,9838
Люстры,1158,2025-09-28T00:00:00+00:00,19972304,10753
Люстры,1158,2025-09-29T00:00:00+00:00,18965676,10105
Салфетки для уборки,1202,2025-08-31T00:00:00+00:00,20984270,53044
Салфетки для уборки,1202,2025-09-01T00:00:00+00:00,16747114,42091
Салфетки для уборки,1202,2025-09-02T00:00:00+00:00,17546013,43702
Салфетки для уборки,1202,2025-09-03T00:00:00+00:00,16315183,40050
Салфетки для уборки,1202,2025-09-04T00:00:00+00:00,17596103,42128
Салфетки для уборки,1202,2025-09-05T00:00:00+00:00,15863363,38618
Салфетки для уборки,1202,2025-09-06T00:00:00+00:00,16934180,43658
Салфетки для уборки,1202,2025-09-07T00:00:00+00:00,20005851,50996
Салфетки для уборки,1202,2025-09-08T00:00:00+00:00,18778151,48425
Салфетки для уборки,1202,2025-09-09T00:00:00+00:00,4372966,9972
Салфетки для уборки,1202,2025-09-10T00:00:00+00:00,15795759,38660
Салфетки для уборки,1202,2025-09-11T00:00:00+00:00,16651485,40140
Салфетки для уборки,1202,2025-09-12T00:00:00+00:00,15297721,37227
Салфетки для уборки,1202,2025-09-13T00:00:00+00:00,22163723,61916
Салфетки для уборки,1202,2025-09-14T00:00:00+00:00,21913152,64759
Салфетки для уборки,1202,2025-09-15T00:00:00+00:00,20708072,62435
Салфетки для уборки,1202,2025-09-16T00:00:00+00:00,18697491,54201
Салфетки для уборки,1202,2025-09-17T00:00:00+00:00,15931987,42796
Салфетки для уборки,1202,2025-09-18T00:00:00+00:00,4038393,10446
Салфетки для уборки,1202,2025-09-19T00:00:00+00:00,3658386,9417
Салфетки для уборки,1202,2025-09-20T00:00:00+00:00,4248169,12188
Салфетки для уборки,1202,2025-09-21T00:00:00+00:00,4432381,12204
Салфетки для уборки,1202,2025-09-22T00:00:00+00:00,4070289,9157
Салфетки для уборки,1202,2025-09-23T00:00:00+00:00,4123384,9041
Салфетки для уборки,1202,2025-09-24T00:00:00+00:00,4186264,9751
Салфетки для уборки,1202,2025-09-25T00:00:00+00:00,4593324,13809
Салфетки для уборки,1202,2025-09-26T00:00:00+00:00,4491067,14259
Салфетки для уборки,1202,2025-09-27T00:00:00+00:00,5058660,17350
Салфетки для уборки,1202,2025-09-28T00:00:00+00:00,5313360,16978
Салфетки для уборки,1202,2025-09-29T00:00:00+00:00,4770716,15537
Секаторы,1220,2025-08-31T00:00:00+00:00,4290407,4811
Секаторы,1220,2025-09-01T00:00:00+00:00,3435285,3833
Секаторы,1220,2025-09-02T00:00:00+00:00,3643482,4335
Секаторы,1220,2025-09-03T00:00:00+00:00,3500104,4342
Секаторы,1220,2025-09-04T00:00:00+00:00,3487133,4014
Секаторы,1220,2025-09-05T00:00:00+00:00,3460719,3843
Секаторы,1220,2025-09-06T00:00:00+00:00,4030100,4620
Секаторы,1220,2025-09-07T00:00:00+00:00,4342576,5051
Секаторы,1220,2025-09-08T00:00:00+00:00,5886466,8213
Секаторы,1220,2025-09-09T00:00:00+00:00,2963288,3161
Секаторы,1220,2025-09-10T00:00:00+00:00,3271736,4050
Секаторы,1220,2025-09-11T00:00:00+00:00,3207182,3669
Секаторы,1220,2025-09-12T00:00:00+00:00,3162153,3581
Секаторы,1220,2025-09-13T00:00:00+00:00,3589166,4718
Секаторы,1220,2025-09-14T00:00:00+00:00,4151476,5524
Секаторы,1220,2025-09-15T00:00:00+00:00,4716431,6332
Секаторы,1220,2025-09-16T00:00:00+00:00,4077826,5320
Секаторы,1220,2025-09-17T00:00:00+00:00,3557874,4251
Секаторы,1220,2025-09-18T00:00:00+00:00,2297666,2438
Секаторы,1220,2025-09-19T00:00:00+00:00,1953760,2277
Секаторы,1220,2025-09-20T00:00:00+00:00,1980848,2331
Секаторы,1220,2025-09-21T00:00:00+00:00,2633564,2629
Секаторы,1220,2025-09-22T00:00:00+00:00,2425163,2281
Секаторы,1220,2025-09-23T00:00:00+00:00,2244270,2065
Секаторы,1220,2025-09-24T00:00:00+00:00,2294561,2269
Секаторы,1220,2025-09-25T00:00:00+00:00,2435546,2818
Секаторы,1220,2025-09-26T00:00:00+00:00,2036106,2559
Секаторы,1220,2025-09-27T00:00:00+00:00,2290201,2834
Секаторы,1220,2025-09-28T00:00:00+00:00,2348194,2613
Секаторы,1220,2025-09-29T00:00:00+00:00,2156699,2473
Карты памяти,1260,2025-08-31T00:00:00+00:00,1882870,2878
Карты памяти,1260,2025-09-01T00:00:00+00:00,1750534,2665
Карты памяти,1260,2025-09-02T00:00:00+00:00,1694215,2696
Карты памяти,1260,2025-09-03T00:00:00+00:00,1994906,3430
Карты памяти,1260,2025-09-04T00:00:00+00:00,2141203,3664
Карты памяти,1260,2025-09-05T00:00:00+00:00,1877354,3020
Карты памяти,1260,2025-09-06T00:00:00+00:00,1781122,3159
Карты памяти,1260,2025-09-07T00:00:00+00:00,1951070,3328
Карты памяти,1260,2025-09-08T00:00:00+00:00,3409659,5013
Карты памяти,1260,2025-09-09T00:00:00+00:00,1857617,1109
Карты памяти,1260,2025-09-10T00:00:00+00:00,1947165,3361
Карты памяти,1260,2025-09-11T00:00:00+00:00,2099475,3603
Карты памяти,1260,2025-09-12T00:00:00+00:00,1792736,2837
Карты памяти,1260,2025-09-13T00:00:00+00:00,1947739,3191
Карты памяти,1260,2025-09-14T00:00:00+00:00,2044910,3546
Карты памяти,1260,2025-09-15T00:00:00+00:00,2170752,3831
Карты памяти,1260,2025-09-16T00:00:00+00:00,2050399,3557
Карты памяти,1260,2025-09-17T00:00:00+00:00,1815404,3045
Карты памяти,1260,2025-09-18T00:00:00+00:00,970384,1415
Карты памяти,1260,2025-09-19T00:00:00+00:00,944746,1184
Карты памяти,1260,2025-09-20T00:00:00+00:00,930985,1256
Карты памяти,1260,2025-09-21T00:00:00+00:00,986110,1286
Карты памяти,1260,2025-09-22T00:00:00+00:00,1052377,1284
Карты памяти,1260,2025-09-23T00:00:00+00:00,1064374,1212
Карты памяти,1260,2025-09-24T00:00:00+00:00,1003701,1270
Карты памяти,1260,2025-09-25T00:00:00+00:00,1010844,1553
Карты памяти,1260,2025-09-26T00:00:00+00:00,1054164,1440
Карты памяти,1260,2025-09-27T00:00:00+00:00,945377,1366
Карты памяти,1260,2025-09-28T00:00:00+00:00,1170885,1603
Карты памяти,1260,2025-09-29T00:00:00+00:00,1102533,1507
